{
  "version": 1,
  "author": "Meghana Siddha",
  "editor": "wokwi",
  "parts": [
    { "type": "board-esp32-devkit-c-v4", "id": "esp", "top": 57.6, "left": -81.56, "attrs": {} },
    {
      "type": "wokwi-lcd1602",
      "id": "lcd1",
      "top": -128,
      "left": -90.4,
      "attrs": { "pins": "i2c" }
    },
    {
      "type": "wokwi-led",
      "id": "led1",
      "top": 63.6,
      "left": -159.4,
      "attrs": { "color": "limegreen" }
    },
    {
      "type": "wokwi-led",
      "id": "led2",
      "top": 63.6,
      "left": -178.6,
      "attrs": { "color": "red" }
    },
    { "type": "wokwi-servo", "id": "servo1", "top": 190, "left": 249.6, "attrs": {} },
    {
      "type": "wokwi-buzzer",
      "id": "bz1",
      "top": 60,
      "left": -286.2,
      "attrs": { "volume": "0.1" }
    },
    {
      "type": "wokwi-pushbutton",
      "id": "btn1",
      "top": 35,
      "left": 67.2,
      "attrs": { "color": "green" }
    },
    {
      "type": "wokwi-pushbutton",
      "id": "btn2",
      "top": 92.6,
      "left": 67.2,
      "attrs": { "color": "green" }
    },
    {
      "type": "wokwi-pushbutton",
      "id": "btn3",
      "top": 227,
      "left": -288,
      "attrs": { "color": "green" }
    },
    {
      "type": "wokwi-pushbutton",
      "id": "btn4",
      "top": 275,
      "left": -288,
      "attrs": { "color": "green" }
    }
  ],
  "connections": [
    [ "esp:TX", "$serialMonitor:RX", "", [] ],
    [ "esp:RX", "$serialMonitor:TX", "", [] ],
    [ "esp:GND.3", "servo1:GND", "black", [ "h19.2", "v38.4" ] ],
    [ "esp:17", "servo1:PWM", "green", [ "h9.6", "v19.2" ] ],
    [ "lcd1:GND", "esp:GND.1", "black", [ "h-96", "v278.4" ] ],
    [ "lcd1:VCC", "esp:5V", "red", [ "h-86.4", "v316.9" ] ],
    [ "esp:21", "lcd1:SDA", "green", [ "h19.2", "v-86.4", "h-172.8", "v-96" ] ],
    [ "esp:22", "lcd1:SCL", "green", [ "h9.6", "v-48", "h-134.4", "v-96" ] ],
    [ "bz1:2", "esp:27", "green", [ "v0" ] ],
    [ "bz1:1", "esp:GND.1", "black", [ "v0" ] ],
    [ "servo1:V+", "esp:5V", "red", [ "h-38.4", "v38.5", "h-115.2" ] ],
    [ "led1:A", "esp:25", "green", [ "v57.6" ] ],
    [ "led1:C", "esp:GND.1", "green", [ "v0" ] ],
    [ "led2:A", "esp:26", "green", [ "v0" ] ],
    [ "led2:C", "esp:GND.1", "green", [ "v0" ] ],
    [ "btn1:1.r", "esp:32", "green", [ "v0", "h38.6", "v230.4", "h-268.8", "v-144" ] ],
    [ "btn2:1.r", "esp:33", "green", [ "v0", "h29", "v182.4", "h-268.8", "v-144" ] ],
    [ "btn1:2.r", "esp:GND.3", "green", [ "h57.8", "v67.4" ] ],
    [ "btn2:2.r", "esp:GND.3", "green", [ "h19.4", "v29" ] ],
    [ "btn3:2.r", "esp:GND.1", "green", [ "h38.6", "v-38.2" ] ],
    [ "btn4:2.r", "esp:GND.1", "green", [ "h77", "v-86.2" ] ],
    [ "btn3:1.r", "esp:2", "green", [ "v0", "h105.8", "v57.6", "h172.8", "v-86.4" ] ],
    [ "btn4:1.r", "esp:0", "green", [ "v0", "h96.2", "v19.2", "h192", "v-96" ] ]
  ],
  "dependencies": {}
}